conglo,agb_kg_total,area_m2_total,decimalLatitude,decimalLongitude,coordinateUncertaintyInMeters,year,stateProvince,agb_mg_ha,in_window
100614,1159.515098270693,770,11.73071,-71.99943,10606,2015,La Guajira,15.05863763987913,True
101933,26063.39840775124,4305,6.60019,-73.88962,10606,2015,Santander,60.542156580142255,True
102321,121683.36606090018,4305,-1.90566,-72.13444,10606,2017,Amazonas,282.65590258048826,True
103227,6351.262764316596,1477,7.6803,-72.6745,10606,2016,Norte de Santander,43.001101992664836,True
103373,105922.65435524166,4305,-1.77064,-72.13444,10606,2017,Amazonas,246.0456547160085,True
103381,27074.323632788317,861,3.89992,-73.75461,10606,2016,Meta,314.4520747129886,True
105283,4325.728746013792,1015,5.38507,-73.61959,10606,2017,Cundinamarca,42.61801720210632,True
105679,28969.84207577133,1323,7.00523,-70.51428,10606,2017,Arauca,218.97083957499115,True
106074,86945.69784829015,4305,0.92963,-70.91932,10606,2016,Vaupés,201.964454932149,True
106443,17242.3791276609,1876,4.57499,-74.96973,10606,2015,Tolima,91.91033650139073,True
107039,8873.906801582478,1477,3.76491,-67.81401,10606,2015,Guainía,60.080614770362075,True
107109,6611.5817473759,1323,6.46518,-70.24426,10606,2015,Arauca,49.9741628675427,True
107588,870.1685143591853,770,11.46068,-72.94453,10606,2015,La Guajira,11.300889796872536,True
107593,4799.70457251456,1169,10.78561,-74.02463,10606,2016,Magdalena,41.05820849028708,True
108587,24537.741439872792,3444,4.57499,-71.59439,10606,2015,Meta,71.24779744446224,True
109915,31075.93313612783,2737,4.57499,-70.51428,10606,2015,Vichada,113.5401283745993,True
111388,6998.391803193392,2737,4.30496,-75.77981,10606,2016,Valle del Cauca,25.569571805602454,True
112008,2295.364335631161,1477,11.19065,-72.94453,10606,2016,La Guajira,15.540719943338937,True
113214,94244.01358464688,4305,-1.50062,-72.6745,10606,2017,Amazonas,218.91756930231563,True
113598,13087.901050506363,2030,1.06464,-76.31986,10606,2015,Putumayo,64.47241896801164,True
113814,1495.0014367972599,616,5.38507,-75.37477,10606,2016,Caldas,24.269503844111362,True
114796,19780.597520502273,3444,4.98003,-70.91932,10606,2016,Vichada,57.43495215012275,True
114823,7728.04884364367,1568,3.35987,-71.99943,10606,2016,Meta,49.28602578854382,True
115478,5779.291420438946,2429,8.89542,-75.23975,10606,2015,Sucre,23.792883575294137,True
115814,11926.278122525682,2184,7.14025,-74.6997,10606,2016,Antioquia,54.60750056101502,True
116650,83674.45553405634,4305,-0.69054,-71.86442,10606,2015,Amazonas,194.36575036946886,True
116698,1896.947706581644,154,5.52008,-71.45938,10606,2017,Casanare,123.17842250530155,True
116882,9065.015726822889,2030,4.71,-74.96973,10606,2017,Tolima,44.65524988582703,True
120197,27875.82243546598,1722,6.46518,-71.86442,10606,2017,Arauca,161.88050194811836,True
121292,104092.03790957472,4305,0.92963,-71.32436,10606,2016,Vaupés,241.7933517063292,True
121532,12955.14984987629,2891,6.87022,-76.85992,10606,2015,Antioquia,44.81200224792905,True
121996,138465.07408275185,4305,1.60469,-78.61509,10606,2016,Nariño,321.63780274739105,True
12232,76629.55972742669,4305,-0.55552,-72.6745,10606,2015,Amazonas,178.00130017985296,True
122602,57734.62281724634,4305,8.35537,-77.12994,10606,2015,Chocó,134.11062210742472,True
122945,1453.2858142744885,770,9.7055,-74.96973,10606,2016,Bolívar,18.873841743824524,True
123085,78982.03102831374,4305,3.35987,-76.99493,10606,2017,Valle del Cauca,183.46580958957895,True
125026,27292.002749260737,2891,4.71,-76.85992,10606,2016,Chocó,94.40333016001637,True
125037,69534.10452167974,4305,0.25456,-74.56469,10606,2017,Caquetá,161.51940655442448,True
126803,6939.592633234194,1477,1.87472,-73.88962,10606,2016,Meta,46.984378017834764,True
127794,8187.392699295447,1477,4.98003,-73.61959,10606,2017,Cundinamarca,55.432584287714604,True
128790,4534.807800573797,1477,2.27976,-75.77981,10606,2016,Huila,30.702828710723068,True
128843,13289.628812846702,2184,4.30496,-72.6745,10606,2015,Meta,60.84994877677061,True
128880,76443.87397110018,4305,-2.85075,-69.83921,10606,2016,Amazonas,177.56997438118512,True
129238,18510.974634755985,2891,6.19515,-73.75461,10606,2017,Santander,64.02965975356618,True
130005,13833.578791817768,2583,6.60019,-72.40447,10606,2017,Boyacá,53.556247742229075,True
130480,15162.762624815265,2184,2.00973,-76.04984,10606,2015,Huila,69.42656879494169,True
131409,87242.05644308688,4305,-2.44571,-69.97423,10606,2016,Amazonas,202.65286049497533,True
131821,12736.220725951147,1323,2.95483,-75.37477,10606,2015,Huila,96.26773035488395,True
132793,2784.2038940695707,770,9.84052,-74.6997,10606,2015,Magdalena,36.158492130773645,True
133634,9137.266423960065,2891,11.19065,-73.07954,10606,2017,La Guajira,31.605902538775734,True
134287,2460.1909543556235,1477,9.30046,-73.75461,10606,2016,Cesar,16.656675384939902,True
134863,16014.650473357633,3444,4.57499,-74.42967,10606,2016,Cundinamarca,46.50014655446468,True
135365,32354.188042709397,3444,5.92513,-74.02463,10606,2016,Santander,93.94363543179267,True
135608,4891.502880899083,861,1.46968,-78.07504,10606,2015,Nariño,56.81188014981513,True
136204,17991.40759840992,2737,7.6803,-76.18485,10606,2017,Córdoba,65.73404310708777,True
136753,90500.98865450193,4305,1.46968,-70.6493,10606,2015,Vaupés,210.22297016144466,True
137183,1004.8354292323409,462,10.38057,-74.56469,10606,2016,Magdalena,21.749684615418637,True
137313,67464.03160733104,4305,-2.04067,-70.6493,10606,2016,Amazonas,156.71087481377708,True
137513,86608.33281066653,4305,6.33017,-71.99943,10606,2017,Arauca,201.18079630816848,True
139214,7993.890476753946,1876,7.6803,-73.07954,10606,2017,Norte de Santander,42.611356485895236,True
139604,2458.7621527296956,616,11.46068,-72.40447,10606,2015,La Guajira,39.91497001184571,True
139625,50743.91162715371,3444,7.41027,-77.26496,10606,2017,Chocó,147.3400453750108,True
139829,57099.196328533915,2583,6.19515,-71.99943,10606,2016,Casanare,221.05767064860208,True
13986,7313.620873037397,1876,4.98003,-75.6448,10606,2016,Risaralda,38.98518589039124,True
139951,58985.3601810768,4305,-2.3107,-70.37927,10606,2016,Amazonas,137.01593537996933,True
140194,8493.884230736934,861,6.60019,-74.96973,10606,2016,Antioquia,98.65138479369263,True
140723,22667.912218439076,4305,8.08534,-74.83471,10606,2016,Antioquia,52.6548483587435,True
141299,71980.75647331112,4305,-1.90566,-71.99943,10606,2017,Amazonas,167.20268634915476,True
143566,6120.83410365419,1876,1.73971,-78.48008,10606,2016,Nariño,32.62704746084323,True
143636,100337.96819127699,4305,-2.3107,-72.13444,10606,2017,Amazonas,233.073096843849,True
144695,115539.60685093731,4305,-1.3656,-72.80951,10606,2015,Amazonas,268.38468490345485,True
144935,75801.09152418213,4305,3.6299,-71.59439,10606,2015,Meta,176.07686765199105,True
145714,19731.90945662029,3598,6.73521,-73.48458,10606,2017,Santander,54.841327005615035,True
146321,35247.29078844297,4305,-0.01547,-74.29466,10606,2017,Caquetá,81.8752399266968,True
147151,27873.045845355766,2891,6.33017,-73.88962,10606,2016,Santander,96.41316445989541,True
148400,24641.559728549415,4305,1.60469,-73.88962,10606,2016,Caquetá,57.23939542055613,True
149504,22353.535146409515,4305,7.14025,-75.37477,10606,2016,Antioquia,51.92458802882582,True
149678,53512.58445594815,4305,1.19965,-71.32436,10606,2016,Vaupés,124.30333206956597,True
150299,1368.243995481626,770,12.13575,-71.45938,10606,2016,La Guajira,17.769402538722414,True
150599,231554.1625606787,4305,6.46518,-73.75461,10606,2017,Santander,537.8726191885684,True
15198,70010.88583349546,4305,7.00523,-76.58989,10606,2017,Antioquia,162.62691250521593,True
152014,34384.78509375029,4305,0.25456,-70.91932,10606,2015,Vaupés,79.87174237804945,True
15226,90303.6603542148,4305,7.41027,-74.6997,10606,2017,Antioquia,209.7646001259345,True
152785,5648.682870336229,1323,4.98003,-70.24426,10606,2017,Vichada,42.696015648799914,True
152999,90442.73237080283,4305,3.49488,-76.58989,10606,2016,Valle del Cauca,210.08764778351411,True
153132,19207.963246755447,3598,6.19515,-74.96973,10606,2016,Antioquia,53.38511185868662,True
153257,54785.7029278416,4305,-1.77064,-72.53948,10606,2017,Amazonas,127.26063397872613,True
155721,1777.9875307459943,770,11.32567,-74.02463,10606,2015,Magdalena,23.09074715254538,True
15576,11512.894318205708,2184,6.46518,-74.6997,10606,2015,Antioquia,52.714717574201956,True
15580,64728.34260384093,3136,7.6803,-74.6997,10606,2017,Antioquia,206.40415371122745,True
155868,4808.562125902207,1477,10.78561,-74.02463,10606,2017,Magdalena,32.556277088031194,True
156583,363.5444348358079,616,4.02552,-67.70515,10606,2015,Guainía,5.901695370711167,True
156602,3222.081186503705,861,7.41027,-76.99493,10606,2015,Chocó,37.42254572013594,True
157445,21745.45153885401,3598,3.35987,-72.53948,10606,2015,Meta,60.43760850153977,True
157910,483.75857379908587,462,11.46068,-72.80951,10606,2017,La Guajira,10.470964800846016,True
158391,39772.88016350075,4305,8.35537,-74.56469,10606,2017,Bolívar,92.38764265621543,True
161476,1002.1152950044693,1169,7.00523,-74.02463,10606,2017,Antioquia,8.572414841783313,True
162373,18107.77101512,3598,7.14025,-73.48458,10606,2016,Santander,50.32732355508616,True
163314,14797.470563191262,2737,7.81531,-76.18485,10606,2017,Córdoba,54.06456179463377,True
163735,6687.048129908477,1169,4.71,-69.83921,10606,2015,Vichada,57.20314910101349,True
165785,7181.3962782197505,3136,3.76491,-72.40447,10606,2016,Meta,22.89986058105788,True
166020,105379.25801133155,4305,-2.17568,-70.6493,10606,2016,Amazonas,244.7834100147074,True
167792,1724.077649473167,462,6.19515,-76.04984,10606,2016,Antioquia,37.31769804054474,True
167995,12347.943509876197,2891,7.95033,-76.18485,10606,2016,Córdoba,42.711669006835685,True
168069,415.98117144954284,770,11.73071,-72.53948,10606,2015,La Guajira,5.402352875968089,True
168374,83851.99174076697,4305,1.19965,-69.97423,10606,2015,Vaupés,194.77814573929612,True
168528,35854.080479949,4305,8.49038,-77.26496,10606,2015,Chocó,83.2847397908223,True
169529,2451.4353655812265,770,7.54529,-74.83471,10606,2016,Antioquia,31.836822929626322,True
169971,24745.05160348645,3598,7.54529,-73.34957,10606,2016,Santander,68.77446248884505,True
17034,11669.89238861916,2737,3.08984,-71.99943,10606,2017,Meta,42.63753156236449,True
170391,11462.068620634447,1722,2.6848,-72.13444,10606,2015,Guaviare,66.56253554375405,True
170719,1237.1333062320655,308,6.19515,-70.51428,10606,2016,Casanare,40.166665786755374,True
17072,93.26178128416822,308,4.71,-73.75461,10606,2017,Cundinamarca,3.0279799118236435,True
17142,10600.342463697421,2030,1.19965,-77.94002,10606,2015,Nariño,52.21843578176069,True
171425,48049.76876483741,3444,7.95033,-74.56469,10606,2017,Antioquia,139.51733090835486,True
171484,11639.218185977235,2737,7.00523,-71.18935,10606,2015,Arauca,42.52545921073158,True
171576,15564.126170729707,2184,9.84052,-75.23975,10606,2017,Bolívar,71.26431396854261,True
172397,9048.350256285918,1477,4.57499,-75.50978,10606,2016,Quindío,61.261680814393486,True
173495,23224.020006655846,3598,2.41477,-72.80951,10606,2015,Guaviare,64.54702614412408,True
174030,1940.747895070863,616,11.19065,-74.15965,10606,2016,Magdalena,31.505647647254268,True
17447,13582.061646629172,2737,4.16995,-74.15965,10606,2016,"Bogotá, D.C.",49.623900791484004,True
175543,698.9639224674638,707,5.11504,-69.16415,10606,2017,Vichada,9.88633553702212,True
175698,17508.48346150148,2737,3.76491,-74.6997,10606,2016,Tolima,63.969614400809206,True
176072,81503.90717648248,4305,1.06464,-71.32436,10606,2016,Vaupés,189.32382619391979,True
176692,6106.295462972485,1015,3.35987,-72.94453,10606,2017,Meta,60.16054643322646,True
176982,106764.71357822929,4305,7.54529,-76.85992,10606,2015,Chocó,248.00165755686245,True
177139,3164.9239061320905,1414,8.22035,-76.04984,10606,2016,Córdoba,22.382771613381124,True
178272,9051.343663718617,2184,1.46968,-70.51428,10606,2015,Vaupés,41.44388124413286,True
178960,163009.9191907891,3444,3.35987,-72.80951,10606,2015,Meta,473.3156770928836,True
179896,6469.920486109927,861,3.08984,-77.12994,10606,2017,Cauca,75.14425651695618,True
181450,1960.8139091248736,154,6.33017,-75.10474,10606,2015,Antioquia,127.32557851460217,True
181679,8670.241420948669,3136,6.06014,-68.21905,10606,2016,Vichada,27.647453510678154,True
181738,59417.55319615077,4305,4.57499,-69.02913,10606,2017,Vichada,138.01986805145359,True
183622,71155.42140756178,3444,2.81981,-72.13444,10606,2015,Guaviare,206.60691465610273,True
183737,33361.46898244882,2891,5.92513,-69.29916,10606,2017,Vichada,115.3976789430952,True
183763,90841.8638506618,4151,4.30496,-73.75461,10606,2016,Cundinamarca,218.84332414035603,True
184780,51.44568226727981,308,2.27976,-76.85992,10606,2016,Cauca,1.6703143593272665,True
185986,16220.186960467756,3290,5.52008,-76.58989,10606,2016,Chocó,49.3014801230023,True
18612,11753.18939578069,2891,6.73521,-71.7294,10606,2015,Arauca,40.65440814867066,True
187750,80426.37005072857,4305,3.35987,-67.94903,10606,2015,Guainía,186.8208363547702,True
187958,35105.97223477448,4305,1.73971,-74.15965,10606,2016,Caquetá,81.54697383222877,True
188476,5165.306370147222,2030,7.27526,-72.94453,10606,2015,Santander,25.444858966242474,True
188694,3963.9152301485256,1015,6.46518,-75.10474,10606,2016,Antioquia,39.05335202116774,True
189236,10938.031617027113,2583,2.81981,-75.10474,10606,2017,Huila,42.34623157966362,True
190703,166.16014039022204,616,10.38057,-75.10474,10606,2015,Bolívar,2.697404876464643,True
190781,170389.72641809742,4305,6.46518,-76.99493,10606,2017,Chocó,395.7949510292623,True
191098,171092.94427182514,2737,8.4298,-72.47869,10606,2016,Norte de Santander,625.1112322682686,True
191147,100469.30040425352,4305,-0.01547,-70.78431,10606,2015,Vaupés,233.37816586353895,True
191467,2060.3851476830887,1323,10.78561,-73.88962,10606,2017,Magdalena,15.5735838827142,True
192748,6331.686882850781,2184,6.19515,-69.97423,10606,2015,Casanare,28.99124030609332,True
194853,36908.36610716305,3444,5.52008,-68.89412,10606,2015,Vichada,107.16714897550247,True
195625,5236.773440615793,1015,7.00523,-75.50978,10606,2016,Antioquia,51.593827001140816,True
195791,457.04527094228024,308,5.52008,-68.62409,10606,2017,Vichada,14.839132173450658,True
197315,61945.52095878414,4305,-1.23059,-72.6745,10606,2015,Amazonas,143.89203474746606,True
197668,3733.320474709994,1015,4.71,-69.97423,10606,2017,Vichada,36.781482509458066,True
197756,95329.81800265008,4305,-1.90566,-71.7294,10606,2017,Amazonas,221.4397630723579,True
21547,3112.6091326673773,770,10.78561,-75.10474,10606,2016,Atlántico,40.42349522944646,True
22776,9395.18143987206,1722,5.11504,-69.43417,10606,2017,Vichada,54.559706387178046,True
23082,2897.4151933969147,861,3.89992,-72.94453,10606,2015,Meta,33.65174440646823,True
24046,64265.39678412204,4305,1.19965,-70.51428,10606,2015,Vaupés,149.280828766834,True
24601,3673.453000472632,1477,2.54979,-77.94002,10606,2017,Nariño,24.871042657228383,True
28510,89005.77064242322,1722,2.00973,-75.6448,10606,2016,Huila,516.8743939745832,True
28517,20599.88091849428,2891,3.35987,-72.26946,10606,2016,Meta,71.25520898821956,True
28554,20403.21804665711,861,-0.42051,-72.26946,10606,2015,Caquetá,236.97117359648215,True
28869,674.088286327337,770,10.38057,-73.61959,10606,2016,Cesar,8.754393328926454,True
29214,12910.553964546878,4151,10.51558,-73.88962,10606,2017,Magdalena,31.102274065398404,True
2936,9679.154285689461,1015,6.73521,-73.75461,10606,2015,Santander,95.36112596738386,True
29414,1375.102599597603,1323,3.49488,-74.6997,10606,2015,Tolima,10.393821614494355,True
29569,2750.006421512564,308,3.35987,-75.37477,10606,2017,Huila,89.28592277638194,True
30374,20775.722093729317,1722,5.92513,-68.21905,10606,2016,Vichada,120.64879264651172,True
31898,2302.5167011588446,770,5.79011,-73.07954,10606,2017,Boyacá,29.902814300764216,True
31994,32519.195799641726,3136,8.49038,-75.37477,10606,2016,Córdoba,103.69641517742899,True
32748,37568.88530515822,1722,5.11504,-72.80951,10606,2017,Boyacá,218.17006565132533,True
32810,45555.45420806032,4151,2.14475,-76.04984,10606,2017,Huila,109.74573405940814,True
34334,3594.874594461362,2030,4.98003,-72.53948,10606,2017,Casanare,17.70874184463725,True
34383,6510.69415244684,2583,1.46968,-77.12994,10606,2016,Nariño,25.205939421009838,True
34400,86831.69654084007,4305,-2.17568,-71.45938,10606,2017,Amazonas,201.69964353272954,True
34875,842.736565052096,462,1.19965,-77.67,10606,2016,Nariño,18.241051191603812,True
3525,17323.606479049726,2429,5.92513,-74.6997,10606,2015,Antioquia,71.3199113999577,True
35561,13441.627989152661,2184,7.00523,-73.61959,10606,2015,Santander,61.54591570124844,True
3563,4432.357071680298,770,10.38057,-73.07954,10606,2015,Cesar,57.563078852990884,True
36122,11954.69193761576,2737,3.35987,-74.29466,10606,2016,Meta,43.67808526713833,True
36890,1061.9324670464362,154,4.16995,-75.6448,10606,2017,Quindío,68.95665370431402,True
37245,11821.24041772719,2891,7.41027,-73.34957,10606,2016,Santander,40.88979736329017,True
38123,52150.84323677612,4305,2.54979,-77.80501,10606,2016,Cauca,121.14017012026973,True
3827,17633.452236009314,2891,4.71,-76.58989,10606,2017,Chocó,60.994300366687355,True
38328,1451.061592739774,1169,2.95483,-76.18485,10606,2017,Cauca,12.41284510470294,True
38856,37920.244459382484,4305,3.76491,-76.31986,10606,2015,Valle del Cauca,88.08419154328102,True
40057,4339.66285113196,1722,6.06014,-75.23975,10606,2015,Antioquia,25.201294141300583,True
4074,17098.169023590075,1722,5.25006,-69.7042,10606,2017,Vichada,99.29250304059278,True
41557,8367.314004241467,2583,6.33017,-74.56469,10606,2016,Antioquia,32.393782439959224,True
45388,74456.94477662668,4305,4.03494,-67.94903,10606,2015,Vichada,172.9545755554627,True
45589,68340.70543603435,4305,7.41027,-74.02463,10606,2016,Bolívar,158.74728324282077,True
45891,3980.295847732655,1015,4.43998,-69.97423,10606,2015,Vichada,39.21473741608527,True
4637,29963.410002877186,3598,5.38507,-76.31986,10606,2017,Chocó,83.27795998576205,True
46690,120963.37155059582,4305,-2.17568,-71.45938,10606,2017,Amazonas,280.98344146479866,True
46905,11682.17998335516,3136,2.41477,-75.91482,10606,2017,Huila,37.251849436719255,True
47201,79866.16135720976,3444,4.71,-69.29916,10606,2016,Vichada,231.899423220702,True
47388,5261.631567219728,2891,9.84052,-73.88962,10606,2017,Magdalena,18.20004001113707,True
48707,87640.38486529361,4305,1.06464,-70.91932,10606,2016,Vaupés,203.57812976839398,True
4891,5825.107477546602,2184,0.79461,-77.39997,10606,2017,Nariño,26.671737534554037,True
49180,3847.85215059662,861,3.89992,-75.37477,10606,2017,Tolima,44.69050116836957,True
49504,1941.3456627819164,770,6.33017,-71.18935,10606,2017,Casanare,25.21228133483008,True
49920,13991.791226522471,2583,7.54529,-73.07954,10606,2016,Santander,54.16876200744279,True
50086,741.1826757217951,462,10.92062,-74.83471,10606,2015,Atlántico,16.042915058913316,True
50415,1276.0735738324227,616,11.73071,-72.26946,10606,2015,La Guajira,20.715480094682185,True
50577,9943.408088568869,2030,4.57499,-70.24426,10606,2016,Vichada,48.98230585501906,True
51232,30977.190066643878,4305,0.92963,-76.7249,10606,2015,Putumayo,71.95630677501482,True
53128,98381.679694189,4305,-2.98577,-69.97423,10606,2016,Amazonas,228.5288726926574,True
53249,2926.0169283206737,1323,1.87472,-75.77981,10606,2016,Huila,22.11653007045105,True
53851,12037.821664914067,1876,2.6848,-77.67,10606,2016,Cauca,64.16749288333725,True
53963,1620.0645755032592,1169,0.6596,-76.45488,10606,2015,Putumayo,13.858550688650634,True
54977,17896.551877916852,1722,4.03494,-73.75461,10606,2016,Meta,103.92887269405838,True
56724,62915.7736413269,4305,6.19515,-77.39997,10606,2015,Chocó,146.14581565929595,True
57384,22593.593135963776,1722,4.98003,-75.10474,10606,2017,Tolima,131.20553505205444,True
57665,3384.1773124659467,1015,4.30496,-74.83471,10606,2016,Cundinamarca,33.341648398679276,True
58215,5665.806803321169,1722,2.00973,-76.7249,10606,2017,Cauca,32.902478532643265,True
58415,15833.027446865015,2737,8.08534,-75.23975,10606,2015,Córdoba,57.84810904956162,True
58913,19313.641469424314,3843,5.79011,-71.99943,10606,2017,Casanare,50.256678296706525,True
60012,32441.10864993782,4305,2.95483,-77.53498,10606,2017,Cauca,75.3568145178579,True
60394,3526.1577716018037,2429,1.73971,-76.45488,10606,2017,Cauca,14.5169113692952,True
61019,10778.722024101395,1323,6.06014,-71.05434,10606,2016,Casanare,81.4718217997082,True
61852,31424.782630857746,3598,6.33017,-72.53948,10606,2017,Boyacá,87.33958485507989,True
6300,6704.99691539527,2030,10.6506,-74.6997,10606,2017,Atlántico,33.02954145514911,True
63879,23612.290094990145,3997,4.43998,-71.59439,10606,2015,Meta,59.07503151110869,True
64165,389.7753438093271,154,2.00973,-76.31986,10606,2017,Huila,25.310087260345917,True
64882,62637.59154676415,4305,6.60019,-76.04984,10606,2016,Antioquia,145.49963193208865,True
64986,5251.873927274062,1876,3.35987,-72.94453,10606,2015,Meta,27.995063578219952,True
66054,30542.512722609816,3444,5.79011,-73.21455,10606,2017,Boyacá,88.68325413069051,True
66276,21866.284029282146,2891,2.6848,-72.53948,10606,2015,Meta,75.63571092799081,True
66916,102049.55051839928,4305,0.92963,-70.91932,10606,2016,Vaupés,237.048897836003,True
67248,62470.521486211546,4305,-0.2855,-74.42967,10606,2017,Putumayo,145.1115481677388,True
67844,48558.17627132704,4305,5.92513,-76.7249,10606,2016,Chocó,112.79483454431367,True
68179,82512.0330549183,3598,9.7055,-75.23975,10606,2016,Sucre,229.32749598365288,True
70324,5218.121742443384,1323,8.76041,-73.75461,10606,2016,Cesar,39.44158535482528,True
70837,14599.425598524356,2583,7.27526,-76.31986,10606,2017,Antioquia,56.521198600558876,True
71145,80648.46258024563,4305,1.73971,-77.94002,10606,2017,Nariño,187.3367307322779,True
71887,20877.69387054742,2184,4.43998,-74.56469,10606,2015,Cundinamarca,95.59383640360541,True
7274,4639.2988444460925,1722,4.57499,-71.05434,10606,2016,Meta,26.94134056008184,True
73527,16444.01536333556,2737,6.19515,-72.13444,10606,2017,Arauca,60.080436110104344,True
7426,2563.133961133998,1568,6.73521,-74.83471,10606,2016,Antioquia,16.346517609272947,True
74476,3783.4626988665573,1477,1.87472,-77.53498,10606,2015,Nariño,25.615861197471613,True
75299,20267.67804572297,3444,5.6551,-74.02463,10606,2017,Boyacá,58.849239389439525,True
75926,8149.714755385619,3444,8.76041,-76.18485,10606,2015,Córdoba,23.663515549900175,True
76433,18956.66078177354,4305,1.87472,-76.7249,10606,2016,Cauca,44.03405524221496,True
7734,6476.151281511052,1169,4.98003,-69.02913,10606,2015,Vichada,55.399069987263054,True
7773,13896.920082915585,2891,3.89992,-74.6997,10606,2016,Tolima,48.06959558255131,True
78820,42177.78782578488,4305,-0.55552,-72.6745,10606,2015,Caquetá,97.97395546059205,True
79019,63750.8782184262,3444,-0.69054,-71.7294,10606,2015,Amazonas,185.10707961215508,True
79066,5112.952369240204,1876,3.22486,-76.58989,10606,2016,Valle del Cauca,27.254543546056524,True
7916,4451.043605279412,2184,1.73971,-78.75011,10606,2016,Nariño,20.380236287909394,True
79556,55248.51224868339,4305,-1.50062,-72.26946,10606,2017,Amazonas,128.3356846659312,True
79615,9774.58811906864,2030,1.19965,-76.58989,10606,2015,Putumayo,48.15068038950068,True
79651,76614.59920409205,4305,-1.09558,-72.80951,10606,2015,Amazonas,177.96654867384916,True
8122,4657.799968517165,3444,11.19065,-73.21455,10606,2017,La Guajira,13.524390152488865,True
81371,3135.734801221457,1323,1.73971,-77.39997,10606,2016,Nariño,23.70169917778879,True
81572,316.90373953828293,308,8.89542,-74.42967,10606,2017,Bolívar,10.289082452541653,True
81583,1488.354146396907,462,5.79011,-77.12994,10606,2016,Chocó,32.215457714218765,True
83880,22765.053571764292,2184,3.6299,-76.58989,10606,2015,Valle del Cauca,104.23559327730902,True
83926,31640.728800312918,2030,0.11954,-71.05434,10606,2015,Vaupés,155.86565911484195,True
8507,15665.344129313486,2583,4.30496,-71.59439,10606,2016,Meta,60.64786732215829,True
85628,6406.21661943801,2583,10.24556,-73.21455,10606,2017,Cesar,24.80145806983357,True
86288,11624.025335117198,2737,3.35987,-72.13444,10606,2015,Meta,42.469950073500904,True
87413,6139.297921868987,1876,5.11504,-73.88962,10606,2015,Cundinamarca,32.72546866667904,True
87500,66186.68237980282,4305,0.38957,-74.6997,10606,2017,Caquetá,153.74374536539563,True
87729,11116.772664873075,2583,2.6848,-75.50978,10606,2017,Huila,43.038221699082754,True
89091,10146.805489107755,2184,2.41477,-72.40447,10606,2015,Guaviare,46.459732092984225,True
89604,21881.79501141788,2891,1.19965,-76.99493,10606,2015,Putumayo,75.68936358152153,True
91601,6693.523374607539,1169,2.54979,-72.6745,10606,2015,Guaviare,57.25854041580444,True
92634,612.8515586902421,616,3.76491,-72.53948,10606,2017,Meta,9.948888939776657,True
93711,2493.1432944026506,770,6.87022,-73.21455,10606,2016,Santander,32.37848434289157,True
93996,9710.295744477966,3136,5.6551,-70.24426,10606,2017,Vichada,30.96395326683025,True
94857,7052.542365292272,2184,8.76041,-73.88962,10606,2016,Bolívar,32.29186064694264,True
95104,85889.04272535323,4305,-2.17568,-71.99943,10606,2017,Amazonas,199.50997148746393,True
95509,14447.808821515111,3444,4.30496,-70.91932,10606,2015,Vichada,41.95066440625758,True
96501,13767.92091327663,2030,2.27976,-72.6745,10606,2015,Guaviare,67.82227050875187,True
96823,122438.70719926337,4305,-0.2855,-74.42967,10606,2017,Putumayo,284.41046968470005,True
97591,31653.83247583463,2583,6.19515,-74.15965,10606,2017,Santander,122.5467769099289,True
98058,4878.176786556408,1015,4.16995,-72.13444,10606,2017,Meta,48.06085503996461,True
98363,12931.429191320842,2737,5.25006,-74.96973,10606,2017,Tolima,47.24672704172759,True
98364,1415.597020507255,616,11.73071,-72.13444,10606,2015,La Guajira,22.98047111213076,True
98485,14149.70547382851,2982,6.87022,-71.05434,10606,2016,Arauca,47.45038723617877,True
98953,174911.9240862503,4305,9.7055,-74.83471,10606,2017,Bolívar,406.29947522938517,True
