site,file,transect,year,n_trees,area_m2,area_src,area_from_shp,agb_mg_ha,lon,lat,epsg,wd_source,site_plausible,in_window,has_coord
BON,BON_A01_2014_Inventory,1,,29,2440.5,shp,True,107.29266346722356,-67.29096730368276,-9.88405112857566,32719,GWDD,True,False,True
BON,BON_A01_2014_Inventory,10,,23,2384.9,shp,True,128.90521027707916,-67.27681262617945,-9.868906657457872,32719,GWDD,True,False,True
BON,BON_A01_2014_Inventory,2,,23,2439.4,shp,True,204.9683135653765,-67.28969947237785,-9.885363515214717,32719,GWDD,True,False,True
BON,BON_A01_2014_Inventory,3,,29,2438.4,shp,True,134.22457750763783,-67.28953633907203,-9.877810498708502,32719,GWDD,True,False,True
BON,BON_A01_2014_Inventory,4,,23,2266.6,shp,True,315.263076714907,-67.28782409514787,-9.874419299004051,32719,GWDD,True,False,True
BON,BON_A01_2014_Inventory,5,,33,2366.8,shp,True,174.15572880101612,-67.28637494324413,-9.875472067702251,32719,GWDD,True,False,True
BON,BON_A01_2014_Inventory,6,,16,2522.8,shp,True,122.32050581384593,-67.28046291192017,-9.866715079050367,32719,GWDD,True,False,True
BON,BON_A01_2014_Inventory,7,,24,2480.1,shp,True,98.1996497991187,-67.27883184117091,-9.86589848959235,32719,GWDD,True,False,True
BON,BON_A01_2014_Inventory,8,,30,2464.9,shp,True,126.52312931239966,-67.27865277780329,-9.867093548579504,32719,GWDD,True,False,True
BON,BON_A01_2014_Inventory,9,,20,2499.4,shp,True,99.58031931551977,-67.27861006644369,-9.868636264425978,32719,GWDD,True,False,True
DUC,DUC_A01_2009_2011_Inventory,T01,2009.0,184,10000.0,design_1ha,False,153.498089005824,-59.940145939576844,-2.9426717325079985,32721,GWDD,True,False,True
DUC,DUC_A01_2009_2011_Inventory,T01,2011.0,182,10000.0,design_1ha,False,154.86056741718465,-59.940145939576844,-2.9426717325079985,32721,GWDD,True,False,True
DUC,DUC_A01_2009_2011_Inventory,T02,2009.0,165,10000.0,design_1ha,False,131.53001553970634,-59.92253829699901,-2.9398674438752086,32721,GWDD,True,False,True
DUC,DUC_A01_2009_2011_Inventory,T02,2011.0,165,10000.0,design_1ha,False,137.57156411405632,-59.92253829699901,-2.9398674438752086,32721,GWDD,True,False,True
DUC,DUC_A01_2009_2011_Inventory,T03,2009.0,156,10000.0,design_1ha,False,167.54458582936581,-59.95662857200411,-2.953374135264317,32721,GWDD,True,False,True
DUC,DUC_A01_2009_2011_Inventory,T03,2011.0,154,10000.0,design_1ha,False,179.31348494501202,-59.95662857200411,-2.953374135264317,32721,GWDD,True,False,True
DUC,DUC_A01_2009_2011_Inventory,T04,2009.0,187,10000.0,design_1ha,False,211.72185537839303,-59.947608571111836,-2.952359211427338,32721,GWDD,True,False,True
DUC,DUC_A01_2009_2011_Inventory,T04,2011.0,187,10000.0,design_1ha,False,199.67697968770022,-59.947608571111836,-2.952359211427338,32721,GWDD,True,False,True
DUC,DUC_A01_2009_2011_Inventory,T05,2009.0,183,10000.0,design_1ha,False,163.369038324562,-59.946154575732436,-2.9617372730389566,32721,GWDD,True,False,True
DUC,DUC_A01_2009_2011_Inventory,T05,2011.0,181,10000.0,design_1ha,False,157.61806188826245,-59.946154575732436,-2.9617372730389566,32721,GWDD,True,False,True
DUC,DUC_A01_2016_Inventory,10,,87,2595.1,shp,True,156.6491301460367,-59.92944476959255,-2.9484983210244935,32720,GWDD,True,False,True
DUC,DUC_A01_2016_Inventory,11,,58,2462.4,shp,True,170.11454569576932,-59.94793801046268,-2.953119516162133,32720,GWDD,True,False,True
DUC,DUC_A01_2016_Inventory,12,,66,2546.7,shp,True,241.80889491797058,-59.92910259296334,-2.9501744286014224,32720,GWDD,True,False,True
DUC,DUC_A01_2016_Inventory,13,,62,2378.8,shp,True,213.7832088998211,-59.93702996569622,-2.9591222365198475,32720,GWDD,True,False,True
DUC,DUC_A01_2016_Inventory,14,,61,2545.7,shp,True,179.0239443089759,-59.936777019284925,-2.9605327873538787,32720,GWDD,True,False,True
DUC,DUC_A01_2016_Inventory,15,,60,1828.7,shp,True,222.44011270466433,-59.936882465306844,-2.962328743395111,32720,GWDD,True,False,True
DUC,DUC_A01_2016_Inventory,16,,58,1735.1,shp,True,149.38479778974514,-59.92810108628198,-2.958367520890266,32720,GWDD,True,False,True
DUC,DUC_A01_2016_Inventory,17,,50,2310.5,shp,True,159.39679690363025,-59.94574154807127,-2.960869646839288,32720,GWDD,True,False,True
DUC,DUC_A01_2016_Inventory,18,,81,2783.2,shp,True,176.10849130715124,-59.94517812933501,-2.963324571452615,32720,GWDD,True,False,True
DUC,DUC_A01_2016_Inventory,19,,81,2165.6,shp,True,232.84111903854048,-59.927640327260974,-2.960331638075057,32720,GWDD,True,False,True
DUC,DUC_A01_2016_Inventory,2,,48,2489.5,shp,True,189.6254083550201,-59.94094550850421,-2.9437433126175123,32720,GWDD,True,False,True
DUC,DUC_A01_2016_Inventory,20,,60,1939.0,shp,True,200.22482984282712,-59.94131316234408,-2.941771838638837,32720,GWDD,True,False,True
DUC,DUC_A01_2016_Inventory,4,,76,2121.0,shp,True,250.77890856766876,-59.93120621097622,-2.9393866448059707,32720,GWDD,True,False,True
DUC,DUC_A01_2016_Inventory,5,,44,2529.4,shp,True,160.49021013352996,-59.93087057698773,-2.9411580592582998,32720,GWDD,True,False,True
DUC,DUC_A01_2016_Inventory,7,,75,2099.6,shp,True,349.48247079158335,-59.93868759896342,-2.949799700006904,32720,GWDD,True,False,True
DUC,DUC_A01_2016_Inventory,8,,65,2588.2,shp,True,209.34456494442264,-59.94877520996286,-2.951500558653255,32720,GWDD,True,False,True
DUC,DUC_A01_2016_Inventory,9,,72,2178.2,shp,True,243.22789911665254,-59.938964140848654,-2.9517546855019567,32720,GWDD,True,False,True
FN,FN_A01_2015_Inventory,1,,4,2510.7,shp,True,9.956378734196116,-55.10028421988389,-12.251689230805919,32721,GWDD,True,False,True
FN,FN_A01_2015_Inventory,10,,17,2510.7,design_site,False,54.0027689859549,,,32721,GWDD,True,False,False
FN,FN_A01_2015_Inventory,11,,17,2510.7,design_site,False,72.75454829781891,,,32721,GWDD,True,False,False
FN,FN_A01_2015_Inventory,12,,11,2510.7,design_site,False,25.30472667265555,,,32721,GWDD,True,False,False
FN,FN_A01_2015_Inventory,13,,36,2510.7,design_site,False,183.49537045002702,,,32721,GWDD,True,False,False
FN,FN_A01_2015_Inventory,14,,26,2510.7,design_site,False,113.17018795280042,,,32721,GWDD,True,False,False
FN,FN_A01_2015_Inventory,15,,29,2510.7,design_site,False,173.17538152922157,,,32721,GWDD,True,False,False
FN,FN_A01_2015_Inventory,16,,27,2510.7,design_site,False,170.67119665032394,,,32721,GWDD,True,False,False
FN,FN_A01_2015_Inventory,17,,25,2510.7,design_site,False,80.14571241363561,,,32721,GWDD,True,False,False
FN,FN_A01_2015_Inventory,18,,24,2510.7,design_site,False,66.53412673273478,,,32721,GWDD,True,False,False
FN,FN_A01_2015_Inventory,19,,25,2510.7,design_site,False,109.81286812797812,,,32721,GWDD,True,False,False
FN,FN_A01_2015_Inventory,2,,4,2510.7,design_site,False,3.0184763271385835,,,32721,GWDD,True,False,False
FN,FN_A01_2015_Inventory,20,,21,2510.7,design_site,False,37.18016906650357,,,32721,GWDD,True,False,False
FN,FN_A01_2015_Inventory,21,,34,2510.7,design_site,False,190.89142335850426,,,32721,GWDD,True,False,False
FN,FN_A01_2015_Inventory,22,,25,2510.7,design_site,False,111.62293553093347,,,32721,GWDD,True,False,False
FN,FN_A01_2015_Inventory,23,,13,2510.7,design_site,False,63.58017115802437,,,32721,GWDD,True,False,False
FN,FN_A01_2015_Inventory,24,,23,2510.7,design_site,False,102.3371968626532,,,32721,GWDD,True,False,False
FN,FN_A01_2015_Inventory,25,,29,2510.7,design_site,False,117.62531400720265,,,32721,GWDD,True,False,False
FN,FN_A01_2015_Inventory,26,,16,2510.7,design_site,False,69.84136455440768,,,32721,GWDD,True,False,False
FN,FN_A01_2015_Inventory,27,,17,2510.7,design_site,False,30.430589488804237,,,32721,GWDD,True,False,False
FN,FN_A01_2015_Inventory,28,,28,2510.7,design_site,False,86.17915643730623,,,32721,GWDD,True,False,False
FN,FN_A01_2015_Inventory,29,,21,2510.7,design_site,False,90.4780033752843,,,32721,GWDD,True,False,False
FN,FN_A01_2015_Inventory,3,,3,2510.7,design_site,False,33.96438038845618,,,32721,GWDD,True,False,False
FN,FN_A01_2015_Inventory,30,,24,2510.7,design_site,False,93.2745435461117,,,32721,GWDD,True,False,False
FN,FN_A01_2015_Inventory,31,,29,2510.7,design_site,False,216.08616508395755,,,32721,GWDD,True,False,False
FN,FN_A01_2015_Inventory,32,,22,2510.7,design_site,False,51.629908525497285,,,32721,GWDD,True,False,False
FN,FN_A01_2015_Inventory,33,,19,2510.7,design_site,False,95.4393752246222,,,32721,GWDD,True,False,False
FN,FN_A01_2015_Inventory,34,,29,2510.7,design_site,False,164.123251669303,,,32721,GWDD,True,False,False
FN,FN_A01_2015_Inventory,35,,24,2510.7,design_site,False,160.59531272573835,,,32721,GWDD,True,False,False
FN,FN_A01_2015_Inventory,36,,22,2510.7,design_site,False,61.79685967297832,,,32721,GWDD,True,False,False
FN,FN_A01_2015_Inventory,4,,6,2510.7,design_site,False,17.054238909603114,,,32721,GWDD,True,False,False
FN,FN_A01_2015_Inventory,5,,4,2510.7,design_site,False,5.089770220331348,,,32721,GWDD,True,False,False
FN,FN_A01_2015_Inventory,6,,5,2510.7,design_site,False,24.718209277588322,,,32721,GWDD,True,False,False
FN,FN_A01_2015_Inventory,7,,5,2510.7,design_site,False,8.100348965505985,,,32721,GWDD,True,False,False
FN,FN_A01_2015_Inventory,8,,5,2510.7,design_site,False,29.44910153908588,,,32721,GWDD,True,False,False
FN,FN_A01_2015_Inventory,9,,10,2510.7,design_site,False,28.065066051912467,,,32721,GWDD,True,False,False
FNA,FNA_A01_2013_Inventory,T01,,18,10000.0,design_1ha,False,10.695422494090367,-55.015179274712956,-12.501976655153378,32721,in-file WSD,False,False,True
FNA,FNA_A01_2013_Inventory,T02,,5,10000.0,design_1ha,False,1.397931862536317,-55.01540564274191,-12.500643977624412,32721,in-file WSD,False,False,True
FNA,FNA_A01_2013_Inventory,T04,,21,10000.0,design_1ha,False,5.8825939189942025,-55.01585015728725,-12.497981201079494,32721,in-file WSD,False,False,True
FNA,FNA_A01_2013_Inventory,T05,,4,10000.0,design_1ha,False,0.3851653806340427,-55.02246015143687,-12.503197256504077,32721,in-file WSD,False,False,True
FST,FST_A01_2013_Inventory,T01,,85,10000.0,design_1ha,False,266.53545796717435,-56.213454066376116,-1.6092218415308095,32721,in-file WSD,True,False,True
FST,FST_A01_2013_Inventory,T02,,101,10000.0,design_1ha,False,272.91311263296984,-56.215071923620705,-1.6220613815324916,32721,in-file WSD,True,False,True
FST,FST_A01_2013_Inventory,T03,,100,10000.0,design_1ha,False,303.37486380920114,-56.213454066376116,-1.6092218415308095,32721,in-file WSD,True,False,True
FST,FST_A01_2013_Inventory,T04,,79,10000.0,design_1ha,False,207.39508258186606,-56.2144528765248,-1.608299775396774,32721,in-file WSD,True,False,True
FST,FST_A01_2013_Inventory,T05,,107,10000.0,design_1ha,False,279.49717910671666,-56.21594539626221,-1.6071067574874065,32721,in-file WSD,True,False,True
HUM,HUM_A01_2014_Inventory,1,,27,2552.7,shp,True,183.0887855358761,-67.66354443790831,-9.75591203145226,32719,GWDD,True,False,True
HUM,HUM_A01_2014_Inventory,10,,19,2457.9,shp,True,51.92321272147129,-67.62716163534236,-9.758595756929957,32719,GWDD,True,False,True
HUM,HUM_A01_2014_Inventory,2,,32,2552.7,shp,True,210.21156187140994,-67.66354443790831,-9.75591203145226,32719,GWDD,True,False,True
HUM,HUM_A01_2014_Inventory,3,,24,2532.6,shp,True,153.13513060262576,-67.66512388030078,-9.754156684163537,32719,GWDD,True,False,True
HUM,HUM_A01_2014_Inventory,4,,19,2621.7,shp,True,107.09712193397424,-67.62412308062399,-9.757580278450186,32719,GWDD,True,False,True
HUM,HUM_A01_2014_Inventory,5,,16,2585.6,shp,True,122.76080811227735,-67.62620879549299,-9.757924463637647,32719,GWDD,True,False,True
HUM,HUM_A01_2014_Inventory,6,,31,2684.7,shp,True,173.47660914208313,-67.62675321863108,-9.756840451033712,32719,GWDD,True,False,True
HUM,HUM_A01_2014_Inventory,7,,34,2423.1,shp,True,148.87194449628518,-67.62468866456152,-9.75928568087268,32719,GWDD,True,False,True
HUM,HUM_A01_2014_Inventory,8,,24,2585.6,shp,True,126.59041811763409,-67.62620879549299,-9.757924463637647,32719,GWDD,True,False,True
HUM,HUM_A01_2014_Inventory,9,,19,2684.7,shp,True,59.46283249497796,-67.62675321863108,-9.756840451033712,32719,GWDD,True,False,True
JAM,JAM_A01_2011_Inventory,T07,,129,10000.0,design_1ha,False,183.5091418729112,-62.79120010405801,-9.0638652086604,32720,in-file WSD,True,False,True
JAM,JAM_A01_2011_Inventory,T08,,111,10000.0,design_1ha,False,68.90776618405438,-62.798020840671946,-9.065134631387092,32720,in-file WSD,True,False,True
JAM,JAM_A02_2011_Inventory,T01,,103,10000.0,design_1ha,False,119.01277485717772,-63.01025652275853,-9.13070152755922,32720,in-file WSD,True,False,True
JAM,JAM_A02_2011_Inventory,T01,,103,10000.0,design_1ha,False,119.01277485717772,-63.01025652275853,-9.13070152755922,32720,in-file WSD,True,False,True
JAM,JAM_A02_2011_Inventory,T01,,103,10000.0,design_1ha,False,119.01277485717772,-63.01025652275853,-9.13070152755922,32720,in-file WSD,True,False,True
JAM,JAM_A02_2011_Inventory,T02,,129,10000.0,design_1ha,False,135.5103652411166,-63.00934826077883,-9.135718596650143,32720,in-file WSD,True,False,True
JAM,JAM_A02_2011_Inventory,T02,,129,10000.0,design_1ha,False,135.5103652411166,-63.00934826077883,-9.135718596650143,32720,in-file WSD,True,False,True
JAM,JAM_A02_2011_Inventory,T02,,129,10000.0,design_1ha,False,135.5103652411166,-63.00934826077883,-9.135718596650143,32720,in-file WSD,True,False,True
JAM,JAM_A02_2011_Inventory,T03,,118,10000.0,design_1ha,False,156.41211900359554,-63.00254120629922,-9.135697797994235,32720,in-file WSD,True,False,True
JAM,JAM_A02_2011_Inventory,T03,,118,10000.0,design_1ha,False,156.41211900359554,-63.00254120629922,-9.135697797994235,32720,in-file WSD,True,False,True
JAM,JAM_A02_2011_Inventory,T03,,118,10000.0,design_1ha,False,156.41211900359554,-63.00254120629922,-9.135697797994235,32720,in-file WSD,True,False,True
JAM,JAM_A02_2011_Inventory,T04,,132,10000.0,design_1ha,False,179.25179723290742,-63.00936713909211,-9.146344800334871,32720,in-file WSD,True,False,True
JAM,JAM_A02_2011_Inventory,T04,,132,10000.0,design_1ha,False,179.25179723290742,-63.00936713909211,-9.146344800334871,32720,in-file WSD,True,False,True
JAM,JAM_A02_2011_Inventory,T04,,132,10000.0,design_1ha,False,179.25179723290742,-63.00936713909211,-9.146344800334871,32720,in-file WSD,True,False,True
JAM,JAM_A02_2011_Inventory,T05,,125,10000.0,design_1ha,False,171.66816827128096,-63.00923406107545,-9.155447504198909,32720,in-file WSD,True,False,True
JAM,JAM_A02_2011_Inventory,T05,,125,10000.0,design_1ha,False,171.66816827128096,-63.00923406107545,-9.155447504198909,32720,in-file WSD,True,False,True
JAM,JAM_A02_2011_Inventory,T05,,125,10000.0,design_1ha,False,171.66816827128096,-63.00923406107545,-9.155447504198909,32720,in-file WSD,True,False,True
JAM,JAM_A02_2011_Inventory,T06,,132,10000.0,design_1ha,False,142.22457537179992,-63.00913278433751,-9.164545204904497,32720,in-file WSD,True,False,True
JAM,JAM_A02_2011_Inventory,T06,,132,10000.0,design_1ha,False,142.22457537179992,-63.00913278433751,-9.164545204904497,32720,in-file WSD,True,False,True
JAM,JAM_A02_2011_Inventory,T06,,132,10000.0,design_1ha,False,142.22457537179992,-63.00913278433751,-9.164545204904497,32720,in-file WSD,True,False,True
JAM,JAM_A02_2013_Inventory,T01_P1,2017.0,11,10000.0,design_1ha,False,19.37729217657975,,,32720,in-file WSD,True,True,False
JAM,JAM_A02_2013_Inventory,T01_P2,2017.0,18,10000.0,design_1ha,False,22.59683202871837,,,32720,in-file WSD,True,True,False
JAM,JAM_A02_2013_Inventory,T01_P3,2017.0,21,10000.0,design_1ha,False,27.437809805497448,,,32720,in-file WSD,True,True,False
JAM,JAM_A02_2013_Inventory,T01_P4,2017.0,19,10000.0,design_1ha,False,36.07255635146481,,,32720,in-file WSD,True,True,False
JAM,JAM_A02_2013_Inventory,T02_P1,2017.0,20,10000.0,design_1ha,False,38.26907855367523,,,32720,in-file WSD,True,True,False
JAM,JAM_A02_2013_Inventory,T02_P2,2017.0,14,10000.0,design_1ha,False,12.318697059986187,,,32720,in-file WSD,True,True,False
JAM,JAM_A02_2013_Inventory,T02_P3,2017.0,16,10000.0,design_1ha,False,23.478971242983032,,,32720,in-file WSD,True,True,False
JAM,JAM_A02_2013_Inventory,T02_P4,2017.0,17,10000.0,design_1ha,False,22.08895257188339,,,32720,in-file WSD,True,True,False
JAM,JAM_A02_2013_Inventory,T03_P1,2017.0,27,10000.0,design_1ha,False,23.875066012808652,,,32720,in-file WSD,True,True,False
JAM,JAM_A02_2013_Inventory,T03_P2,2017.0,21,10000.0,design_1ha,False,26.08697223572209,,,32720,in-file WSD,True,True,False
JAM,JAM_A02_2013_Inventory,T03_P3,2017.0,21,10000.0,design_1ha,False,29.33167628241398,,,32720,in-file WSD,True,True,False
JAM,JAM_A02_2013_Inventory,T03_P4,2017.0,15,10000.0,design_1ha,False,20.917643742207368,,,32720,in-file WSD,True,True,False
JAM,JAM_A02_2013_Inventory,T04_P1,2017.0,20,10000.0,design_1ha,False,21.011381225178738,,,32720,in-file WSD,True,True,False
JAM,JAM_A02_2013_Inventory,T04_P2,2017.0,19,10000.0,design_1ha,False,17.127508671328926,,,32720,in-file WSD,True,True,False
JAM,JAM_A02_2013_Inventory,T04_P3,2017.0,25,10000.0,design_1ha,False,81.74465393249218,,,32720,in-file WSD,True,True,False
JAM,JAM_A02_2013_Inventory,T04_P4,2017.0,20,10000.0,design_1ha,False,77.43670273162542,,,32720,in-file WSD,True,True,False
JAM,JAM_A02_2013_Inventory,T05_P1,2017.0,21,10000.0,design_1ha,False,38.19370186296041,,,32720,in-file WSD,True,True,False
JAM,JAM_A02_2013_Inventory,T05_P2,2017.0,27,10000.0,design_1ha,False,30.30247365314384,,,32720,in-file WSD,True,True,False
JAM,JAM_A02_2013_Inventory,T05_P3,2017.0,22,10000.0,design_1ha,False,54.476262995289275,,,32720,in-file WSD,True,True,False
JAM,JAM_A02_2013_Inventory,T05_P4,2017.0,17,10000.0,design_1ha,False,44.68142994326126,,,32720,in-file WSD,True,True,False
JAM,JAM_A02_2013_Inventory,T06_P1,2017.0,19,10000.0,design_1ha,False,37.74335313743424,,,32720,in-file WSD,True,True,False
JAM,JAM_A02_2013_Inventory,T06_P2,2017.0,12,10000.0,design_1ha,False,21.801327932945433,,,32720,in-file WSD,True,True,False
JAM,JAM_A02_2013_Inventory,T06_P3,2017.0,17,10000.0,design_1ha,False,36.5261351621987,,,32720,in-file WSD,True,True,False
JAM,JAM_A02_2013_Inventory,T06_P4,2017.0,11,10000.0,design_1ha,False,37.019910150545655,,,32720,in-file WSD,True,True,False
JAM,JAM_A03_2013_Inventory,T08_P1,2017.0,21,10000.0,design_1ha,False,24.727489390015812,,,32720,in-file WSD,True,True,False
JAM,JAM_A03_2013_Inventory,T08_P1,2018.0,21,10000.0,design_1ha,False,24.727489390015812,,,32720,in-file WSD,True,True,False
JAM,JAM_A03_2013_Inventory,T08_P1,,21,10000.0,design_1ha,False,24.727489390015812,,,32720,in-file WSD,True,False,False
JAM,JAM_A03_2013_Inventory,T08_P1,,21,10000.0,design_1ha,False,24.727489390015812,,,32720,in-file WSD,True,False,False
JAM,JAM_A03_2013_Inventory,T08_P2,2017.0,28,10000.0,design_1ha,False,28.46133080900507,,,32720,in-file WSD,True,True,False
JAM,JAM_A03_2013_Inventory,T08_P2,2018.0,28,10000.0,design_1ha,False,28.46133080900507,,,32720,in-file WSD,True,True,False
JAM,JAM_A03_2013_Inventory,T08_P2,,28,10000.0,design_1ha,False,28.46133080900507,,,32720,in-file WSD,True,False,False
JAM,JAM_A03_2013_Inventory,T08_P2,,28,10000.0,design_1ha,False,28.46133080900507,,,32720,in-file WSD,True,False,False
JAM,JAM_A03_2013_Inventory,T08_P3,2017.0,18,10000.0,design_1ha,False,27.09823101017305,,,32720,in-file WSD,True,True,False
JAM,JAM_A03_2013_Inventory,T08_P3,2018.0,18,10000.0,design_1ha,False,27.09823101017305,,,32720,in-file WSD,True,True,False
JAM,JAM_A03_2013_Inventory,T08_P3,,18,10000.0,design_1ha,False,27.09823101017305,,,32720,in-file WSD,True,False,False
JAM,JAM_A03_2013_Inventory,T08_P3,,18,10000.0,design_1ha,False,27.09823101017305,,,32720,in-file WSD,True,False,False
JAM,JAM_A03_2013_Inventory,T08_P4,2017.0,21,10000.0,design_1ha,False,51.43779108280539,,,32720,in-file WSD,True,True,False
JAM,JAM_A03_2013_Inventory,T08_P4,2018.0,21,10000.0,design_1ha,False,51.43779108280539,,,32720,in-file WSD,True,True,False
JAM,JAM_A03_2013_Inventory,T08_P4,,21,10000.0,design_1ha,False,51.43779108280539,,,32720,in-file WSD,True,False,False
JAM,JAM_A03_2013_Inventory,T08_P4,,21,10000.0,design_1ha,False,51.43779108280539,,,32720,in-file WSD,True,False,False
PAR,PAR_A01_2018_Inventory,1,,63,2485.8,shp,True,42.69082838924665,-47.514999731721836,-3.3078198855449963,32723,GWDD,True,False,True
PAR,PAR_A01_2018_Inventory,10,,31,2274.5,shp,True,55.81440001997227,-47.514598133435776,-3.3114806011702163,32723,GWDD,True,False,True
PAR,PAR_A01_2018_Inventory,11,,33,2417.6,shp,True,65.45712829928455,-47.51578747018749,-3.3121438171081987,32723,GWDD,True,False,True
PAR,PAR_A01_2018_Inventory,12,,45,2464.2,shp,True,70.42388853155538,-47.516969217123695,-3.31279523130257,32723,GWDD,True,False,True
PAR,PAR_A01_2018_Inventory,13,,45,2613.3,shp,True,144.80308488828365,-47.51246186045954,-3.3126496667390852,32723,GWDD,True,False,True
PAR,PAR_A01_2018_Inventory,14,,37,2468.1,shp,True,44.30884018891475,-47.51364786415647,-3.313277684979322,32723,GWDD,True,False,True
PAR,PAR_A01_2018_Inventory,15,,29,2433.6,shp,True,73.55789082969767,-47.51483534647138,-3.313889089347599,32723,GWDD,True,False,True
PAR,PAR_A01_2018_Inventory,16,,35,2480.7,shp,True,109.43121984790156,-47.51603619402424,-3.3145097381251896,32723,GWDD,True,False,True
PAR,PAR_A01_2018_Inventory,17,,32,2510.6,shp,True,57.4349416967772,-47.513309097119304,-3.3185910481946475,32723,GWDD,True,False,True
PAR,PAR_A01_2018_Inventory,18,,21,2437.9,shp,True,86.68198356746797,-47.5145117492536,-3.3192120549516475,32723,GWDD,True,False,True
PAR,PAR_A01_2018_Inventory,19,,35,2512.8,shp,True,86.70780776661151,-47.515698274349496,-3.3198342211796126,32723,GWDD,True,False,True
PAR,PAR_A01_2018_Inventory,2,,50,2561.6,shp,True,37.688797086667904,-47.51619501826353,-3.308443120924082,32723,GWDD,True,False,True
PAR,PAR_A01_2018_Inventory,20,,34,2407.7,shp,True,51.2114814377382,-47.51690024389025,-3.3204608731096,32723,GWDD,True,False,True
PAR,PAR_A01_2018_Inventory,21,,41,2416.8,shp,True,14.681255785502865,-47.52907970751614,-3.3161782788192005,32723,GWDD,True,False,True
PAR,PAR_A01_2018_Inventory,22,,68,2533.0,shp,True,28.006829689150543,-47.527861913072336,-3.315552235804377,32723,GWDD,True,False,True
PAR,PAR_A01_2018_Inventory,23,,43,2584.1,shp,True,14.900161397338579,-47.52674671541224,-3.314950421951873,32723,GWDD,True,False,True
PAR,PAR_A01_2018_Inventory,24,,27,2412.1,shp,True,18.229376288164808,-47.52557423483415,-3.3143136545383647,32723,GWDD,True,False,True
PAR,PAR_A01_2018_Inventory,25,,36,2576.9,shp,True,10.814046200500576,-47.5282271306812,-3.317768232471461,32723,GWDD,True,False,True
PAR,PAR_A01_2018_Inventory,26,,34,2387.0,shp,True,123.68452544119529,-47.52703962793367,-3.3171353071873577,32723,GWDD,True,False,True
PAR,PAR_A01_2018_Inventory,27,,64,2322.7,shp,True,217.15305031144592,-47.52589012915644,-3.3165068404039544,32723,GWDD,True,False,True
PAR,PAR_A01_2018_Inventory,28,,25,2458.0,shp,True,101.68663756024056,-47.52473578185463,-3.3158789256226595,32723,GWDD,True,False,True
PAR,PAR_A01_2018_Inventory,29,,41,2487.4,shp,True,25.827320711656697,-47.52737848974043,-3.3193476607734533,32723,GWDD,True,False,True
PAR,PAR_A01_2018_Inventory,3,,39,2438.9,shp,True,61.78216129013389,-47.517367223306664,-3.3090762719246802,32723,GWDD,True,False,True
PAR,PAR_A01_2018_Inventory,30,,15,2506.4,shp,True,8.621214044719759,-47.52617480351258,-3.318695967569559,32723,GWDD,True,False,True
PAR,PAR_A01_2018_Inventory,31,,37,2442.0,shp,True,42.95470386592711,-47.525046638114055,-3.3180736231546133,32723,GWDD,True,False,True
PAR,PAR_A01_2018_Inventory,32,,35,2462.0,shp,True,83.58198378740929,-47.523974151265286,-3.3174623955057245,32723,GWDD,True,False,True
PAR,PAR_A01_2018_Inventory,33,,49,2315.3,shp,True,65.34074843950756,-47.52658579940675,-3.3209012374378672,32723,GWDD,True,False,True
PAR,PAR_A01_2018_Inventory,34,,39,2363.7,shp,True,25.27805120177576,-47.525470143710535,-3.320295084127784,32723,GWDD,True,False,True
PAR,PAR_A01_2018_Inventory,35,,49,2497.8,shp,True,24.991331033799067,-47.52430916343428,-3.3196789094529624,32723,GWDD,True,False,True
PAR,PAR_A01_2018_Inventory,36,,26,2389.9,shp,True,37.71687560278313,-47.523137872712574,-3.319028265821622,32723,GWDD,True,False,True
PAR,PAR_A01_2018_Inventory,37,,17,2285.5,shp,True,29.355046574370874,-47.52577795736161,-3.3224301429905787,32723,GWDD,True,False,True
PAR,PAR_A01_2018_Inventory,38,,46,2237.0,shp,True,48.637252986417764,-47.52455883651685,-3.3217531973497234,32723,GWDD,True,False,True
PAR,PAR_A01_2018_Inventory,39,,56,2446.3,shp,True,25.996383643922275,-47.52334989643443,-3.3211132219334085,32723,GWDD,True,False,True
PAR,PAR_A01_2018_Inventory,4,,25,2432.5,shp,True,67.68906709881172,-47.518570938297515,-3.309708637606551,32723,GWDD,True,False,True
PAR,PAR_A01_2018_Inventory,40,,43,2333.1,shp,True,91.336249150377,-47.52216671738962,-3.320466396580217,32723,GWDD,True,False,True
PAR,PAR_A01_2018_Inventory,5,,47,2606.2,shp,True,44.55497179454553,-47.5141417376607,-3.309422927972859,32723,GWDD,True,False,True
PAR,PAR_A01_2018_Inventory,6,,17,2364.0,shp,True,74.92601300513546,-47.51534833461871,-3.3100552930903233,32723,GWDD,True,False,True
PAR,PAR_A01_2018_Inventory,7,,43,2539.9,shp,True,42.969359786742594,-47.51652368931261,-3.310686081334775,32723,GWDD,True,False,True
PAR,PAR_A01_2018_Inventory,8,,33,2773.6,shp,True,37.872519145816646,-47.51770367985672,-3.3113379904921394,32723,GWDD,True,False,True
PAR,PAR_A01_2018_Inventory,9,,47,2315.4,shp,True,162.6987008997886,-47.513407781980995,-3.3108207162131404,32723,GWDD,True,False,True
SAN,SAN_A02_2014_Inventory,1,,1,2488.3,shp,True,0.15387086863275,-54.85505387297225,-3.2842957059920446,32721,GWDD,True,False,True
SAN,SAN_A02_2014_Inventory,2,,13,2307.5,shp,True,8.837082390332155,-54.85492250861294,-3.2829530018027637,32721,GWDD,True,False,True
SAN,SAN_A02_2014_Inventory,3,,11,2450.6,shp,True,11.567657208140748,-54.8547940623496,-3.2815785854627046,32721,GWDD,True,False,True
SAN,SAN_A02_2014_Inventory,4,,8,2424.7,shp,True,22.603917669038932,-54.85466415592716,-3.2802398874694814,32721,GWDD,True,False,True
SAN,SAN_A02_2014_Inventory,5,,30,2452.8,shp,True,199.44164503762963,-54.91360074280796,-3.306062085426876,32721,GWDD,True,False,True
SAN,SAN_A02_2014_Inventory,6,,33,2328.9,shp,True,188.09340664713045,-54.912265578126636,-3.3063124945092213,32721,GWDD,True,False,True
SAN,SAN_A02_2014_Inventory,7,,23,2496.6,shp,True,87.75121282776476,-54.9109525883518,-3.306548782351305,32721,GWDD,True,False,True
SFX,SFX_A01_2011_Inventory,P01,,50,1568.0,shp,True,78.47712649093674,-52.90589568704888,-6.425575206282298,32722,in-file WSD,True,False,True
SFX,SFX_A01_2011_Inventory,P02,,61,1568.0,shp,True,148.96707165786387,-52.90570119433204,-6.424017629209855,32722,in-file WSD,True,False,True
SFX,SFX_A01_2011_Inventory,P03,,65,1568.0,shp,True,95.92581502017204,-52.905509706792216,-6.422457231605469,32722,in-file WSD,True,False,True
SFX,SFX_A01_2011_Inventory,P04,,77,1568.0,shp,True,198.01360869148192,-52.90521960093699,-6.4209153448479,32722,in-file WSD,True,False,True
SFX,SFX_A01_2011_Inventory,P05,,47,1568.0,shp,True,86.24729899337186,-52.90340716389428,-6.406866486490964,32722,in-file WSD,True,False,True
SFX,SFX_A01_2011_Inventory,P06,,64,1568.0,shp,True,73.17252593143243,-52.90320264287716,-6.405307876984411,32722,in-file WSD,True,False,True
SFX,SFX_A01_2011_Inventory,P07,,73,1568.0,shp,True,205.73390464977783,-52.90305342052479,-6.403803061880358,32722,in-file WSD,True,False,True
SFX,SFX_A01_2011_Inventory,P08,,57,1568.0,shp,True,33.20637733211427,-52.90262240107345,-6.400613865759694,32722,in-file WSD,True,False,True
SFX,SFX_A01_2011_Inventory,P09,,62,1568.0,shp,True,553.1323104332449,-52.90241645237837,-6.3990843252498575,32722,in-file WSD,True,False,True
SFX,SFX_A02_2012_Inventory,P18,,47,1568.0,shp,True,162.98364582627198,-51.80469995490808,-6.595488700576959,32722,in-file WSD,True,False,True
SFX,SFX_A02_2012_Inventory,P19,,64,1568.0,shp,True,131.48495093258373,-51.80434855908482,-6.5969556779362115,32722,in-file WSD,True,False,True
SFX,SFX_A02_2012_Inventory,P20,,66,1568.0,shp,True,149.19190304394883,-51.80437853561521,-6.598820758298247,32722,in-file WSD,True,False,True
SFX,SFX_A02_2012_Inventory,P21,,46,1568.0,shp,True,42.248085042974445,-51.80386486037023,-6.6001864305353095,32722,in-file WSD,True,False,True
SFX,SFX_A02_2012_Inventory,P22,,87,1568.0,shp,True,189.0784616769841,-51.80187551574284,-6.594783109977696,32722,in-file WSD,True,False,True
SFX,SFX_A02_2012_Inventory,P23,,73,1568.0,shp,True,271.8141199427046,-51.80162248337933,-6.596299605324507,32722,in-file WSD,True,False,True
SFX,SFX_A02_2012_Inventory,P24,,86,1568.0,shp,True,100.56152782729691,-51.80138704492193,-6.597850724092499,32722,in-file WSD,True,False,True
SFX,SFX_A02_2012_Inventory,P25,,62,1568.0,shp,True,70.42969058996016,-51.80118227727391,-6.599415492251643,32722,in-file WSD,True,False,True
SFX,SFX_A02_2012_Inventory,P26,,59,1568.0,shp,True,82.00462501223005,-51.80096506754061,-6.60097818689934,32722,in-file WSD,True,False,True
SFX,SFX_A02_2012_Inventory,P27,,58,1568.0,shp,True,58.612342279407045,-51.800665575934964,-6.602385245466318,32722,in-file WSD,True,False,True
SFX,SFX_A02_2012_Inventory,P28,,71,1568.0,shp,True,61.63874344167576,-51.800497506109636,-6.604063276877487,32722,in-file WSD,True,False,True
SFX,SFX_A02_2012_Inventory,P29,,70,1568.0,shp,True,179.74241218245442,-51.80030423613799,-6.60565209539788,32722,in-file WSD,True,False,True
SFX,SFX_A02_2012_Inventory,P30,,87,1568.0,shp,True,206.2575167094557,-51.7972490456304,-6.598643625518692,32722,in-file WSD,True,False,True
SFX,SFX_A02_2012_Inventory,P31,,35,1568.0,shp,True,17.48701869163746,-51.79704276501495,-6.6001847476458435,32722,in-file WSD,True,False,True
SFX,SFX_A02_2012_Inventory,P32,,68,1568.0,shp,True,254.07427785924864,-51.796917814531376,-6.6017810806033665,32722,in-file WSD,True,False,True
SFX,SFX_A02_2012_Inventory,P33,,74,1568.0,shp,True,191.68845836824207,-51.79683422236661,-6.603326704662482,32722,in-file WSD,True,False,True
SFX,SFX_A02_2012_Inventory,P34,,84,1568.0,shp,True,121.19587567184925,-51.79649029841589,-6.60485125867221,32722,in-file WSD,True,False,True
SFX,SFX_A02_2012_Inventory,P35,,74,1568.0,shp,True,105.6081033127181,-51.79595094950623,-6.608001277599166,32722,in-file WSD,True,False,True
SFX,SFX_A02_2012_Inventory,P36,,83,1568.0,shp,True,158.92536284455224,-51.79572882954675,-6.609544780045167,32722,in-file WSD,True,False,True
SFX,SFX_A02_2012_Inventory,P37,,73,1568.0,shp,True,68.80796987653845,-51.79552955301327,-6.61109097818192,32722,in-file WSD,True,False,True
SFX,SFX_A02_2012_Inventory,P38,,48,1568.0,shp,True,37.21936217002191,-51.79532286202039,-6.6126042864704395,32722,in-file WSD,True,False,True
SFX,SFX_A02_2012_Inventory,P39,,102,1568.0,shp,True,203.3136447141946,-51.79509546138708,-6.614256101830242,32722,in-file WSD,True,False,True
SFX,SFX_A03_2012_Inventory,P10,,46,1568.0,shp,True,27.98729559540591,-52.11222792678896,-6.476099861472667,32722,in-file WSD,True,False,True
SFX,SFX_A03_2012_Inventory,P11,,76,1568.0,shp,True,72.96985389201983,-52.11196247607086,-6.4745478449031735,32722,in-file WSD,True,False,True
SFX,SFX_A03_2012_Inventory,P12,,68,1568.0,shp,True,121.77817510440359,-52.11185100399911,-6.472946726047863,32722,in-file WSD,True,False,True
SFX,SFX_A03_2012_Inventory,P13,,74,1568.0,shp,True,118.8531475542783,-52.11162114311214,-6.4714709585554155,32722,in-file WSD,True,False,True
SFX,SFX_A03_2012_Inventory,P14,,55,1568.0,shp,True,74.7001650095497,-52.111370828402514,-6.469841249390851,32722,in-file WSD,True,False,True
SFX,SFX_A03_2012_Inventory,P15,,66,1568.0,shp,True,75.09189792062661,-52.11117567911947,-6.468346118830222,32722,in-file WSD,True,False,True
SFX,SFX_A03_2012_Inventory,P16,,50,1568.0,shp,True,53.970214011502385,-52.11095346408304,-6.467732023909544,32722,in-file WSD,True,False,True
SFX,SFX_A03_2012_Inventory,P17,,91,1568.0,shp,True,274.30009182390194,-52.11081295249601,-6.465311506901651,32722,in-file WSD,True,False,True
TAC,TAC_A01_2014_Inventory,1,,95,930.0,shp,True,15.334184508262926,-48.30317028743457,-2.477390817114519,32722,GWDD,True,False,True
TAC,TAC_A01_2014_Inventory,10,,116,775.4,shp,True,282.81049781365294,-48.33142596049743,-2.446949225027444,32722,GWDD,True,False,True
TAC,TAC_A01_2014_Inventory,12,,55,884.9,shp,True,13.374814348054963,-48.3226538789651,-2.450253936165209,32722,GWDD,True,False,True
TAC,TAC_A01_2014_Inventory,13,,47,844.0,shp,True,40.57628112793572,-48.320852010827046,-2.448525063572639,32722,GWDD,True,False,True
TAC,TAC_A01_2014_Inventory,14,,103,934.1,shp,True,125.78458179409816,-48.321561982157824,-2.444662993051814,32722,GWDD,True,False,True
TAC,TAC_A01_2014_Inventory,15,,46,886.9,shp,True,28.369543811216033,-48.31207384839209,-2.458282338785181,32722,GWDD,True,False,True
TAC,TAC_A01_2014_Inventory,16,,52,852.7,shp,True,11.250940058275086,-48.323952260981414,-2.4496651050494767,32722,GWDD,True,False,True
TAC,TAC_A01_2014_Inventory,3,,91,860.9,shp,True,91.61473564487228,-48.30494116413168,-2.476045826879644,32722,GWDD,True,False,True
TAC,TAC_A01_2014_Inventory,5,,87,1061.6,shp,True,90.37614552394815,-48.31156713992362,-2.4676658506099156,32722,GWDD,True,False,True
TAC,TAC_A01_2014_Inventory,6,,92,897.5,design_site,False,253.86098243869532,,,32722,GWDD,True,False,False
TAC,TAC_A01_2014_Inventory,7,,68,932.0,shp,True,152.28164259924333,-48.32523581419394,-2.453535850457706,32722,GWDD,True,False,True
TAC,TAC_A01_2014_Inventory,8,,99,979.6,shp,True,98.72660292815222,-48.31480095724651,-2.46259737209769,32722,GWDD,True,False,True
TAC,TAC_A01_2014_Inventory,9,,30,921.8,shp,True,165.49399712525695,-48.317767275071816,-2.4543724763853456,32722,GWDD,True,False,True
TAC,TAC_A01_2015_Inventory,1,,117,2526.7,shp,True,86.77224885981855,-48.30864583509201,-2.4769304281709776,32722,GWDD,True,False,True
TAC,TAC_A01_2015_Inventory,10,,131,2699.9,shp,True,129.9099932686911,-48.31207951743202,-2.4553452289147146,32722,GWDD,True,False,True
TAC,TAC_A01_2015_Inventory,13,,177,2504.1,shp,True,159.68267862999218,-48.30695730686633,-2.4691176744177947,32722,GWDD,True,False,True
TAC,TAC_A01_2015_Inventory,17,,148,2561.1,shp,True,183.9310665375666,-48.30380519506975,-2.4600437201901086,32722,GWDD,True,False,True
TAC,TAC_A01_2015_Inventory,18,,169,2583.9,shp,True,187.9344877591118,-48.328130495549885,-2.4449063520029553,32722,GWDD,True,False,True
TAC,TAC_A01_2015_Inventory,2,,77,2483.5,shp,True,51.9495896758395,-48.31358203076602,-2.471970119173689,32722,GWDD,True,False,True
TAC,TAC_A01_2015_Inventory,20,,102,2621.5,shp,True,86.2633417140918,-48.322243191780025,-2.4618316404095486,32722,GWDD,True,False,True
TAC,TAC_A01_2015_Inventory,22,,170,2413.6,shp,True,123.1757728051994,-48.31439874572574,-2.4558488985372975,32722,GWDD,True,False,True
TAC,TAC_A01_2015_Inventory,23,,183,2699.9,shp,True,266.0846211375269,-48.31207951743202,-2.4553452289147146,32722,GWDD,True,False,True
TAC,TAC_A01_2015_Inventory,24,,111,2292.2,shp,True,94.45363292157089,-48.298745082154305,-2.467068489589759,32722,GWDD,True,False,True
TAC,TAC_A01_2015_Inventory,25,,132,2359.9,shp,True,142.12240682169625,-48.301316770440906,-2.4662427657747577,32722,GWDD,True,False,True
TAC,TAC_A01_2015_Inventory,26,,169,2504.1,shp,True,263.03262127906817,-48.30695730686633,-2.4691176744177947,32722,GWDD,True,False,True
TAC,TAC_A01_2015_Inventory,5,,84,2420.0,shp,True,59.957028160893366,-48.31437489630177,-2.4548016158653154,32722,GWDD,True,False,True
TAL,TAL_A01_2014_Inventory,10,,15,2572.4,shp,True,128.61534510003315,-67.97020690580716,-10.256918509558162,32719,GWDD,True,False,True
TAL,TAL_A01_2014_Inventory,4,,32,2511.7,shp,True,87.82023181932594,-67.97160655169057,-10.255776712144907,32719,GWDD,True,False,True
TAL,TAL_A01_2014_Inventory,5,,16,2572.4,shp,True,104.09986770276927,-67.97020690580716,-10.256918509558162,32719,GWDD,True,False,True
TAL,TAL_A01_2014_Inventory,8,,31,2308.1,shp,True,50.67598361432121,-67.97186594107797,-10.25708674633756,32719,GWDD,True,False,True
TAL,TAL_A01_2014_Inventory,9,,28,2511.7,shp,True,130.8870187958325,-67.97160655169057,-10.255776712144907,32719,GWDD,True,False,True
TAN,TAN_A01_2012_Inventory,T01,,66,10000.0,design_1ha,False,47.59151873788366,-52.39193314859998,-13.081383050627021,32722,in-file WSD,True,False,True
TAN,TAN_A01_2012_Inventory,T02,,86,10000.0,design_1ha,False,43.095229660811086,-52.39407727033357,-13.082508908860664,32722,in-file WSD,True,False,True
TAN,TAN_A01_2012_Inventory,T03,,68,10000.0,design_1ha,False,31.490623510075867,-52.396084594651725,-13.083568853333782,32722,in-file WSD,True,False,True
TAN,TAN_A01_2012_Inventory,T04,,89,10000.0,design_1ha,False,79.25518037280906,-52.39798690107182,-13.084484441639644,32722,in-file WSD,True,False,True
TAN,TAN_A01_2012_Inventory,T05,,91,10000.0,design_1ha,False,82.37709785721188,-52.40003776838342,-13.085521262111415,32722,in-file WSD,True,False,True
TAN,TAN_A01_2012_Inventory,T06,,75,10000.0,design_1ha,False,45.67404532423702,-52.40212600343033,-13.08652529132557,32722,in-file WSD,True,False,True
TAN,TAN_A01_2012_Inventory,T07,,85,10000.0,design_1ha,False,59.435760355324966,-52.404158384101684,-13.087494259640664,32722,in-file WSD,True,False,True
TAN,TAN_A01_2012_Inventory,T08,,80,10000.0,design_1ha,False,56.68589808687205,-52.40618162909546,-13.088527036052872,32722,in-file WSD,True,False,True
TAN,TAN_A01_2012_Inventory,T09,,93,10000.0,design_1ha,False,65.03919038032784,-52.40827746009644,-13.089573872417752,32722,in-file WSD,True,False,True
TAN,TAN_A01_2012_Inventory,T10,,70,10000.0,design_1ha,False,50.45093802925151,-52.41033163466844,-13.09059249915502,32722,in-file WSD,True,False,True
TAP,TAP_A01_2009_2011_inventory,M1,2009.0,137,10000.0,design_1ha,False,163.34572335760055,-54.958870444819766,-2.8492789509258376,32721,GWDD,True,False,True
TAP,TAP_A01_2009_2011_inventory,M1,2010.0,137,10000.0,design_1ha,False,151.75237201253546,-54.958870444819766,-2.8492789509258376,32721,GWDD,True,False,True
TAP,TAP_A01_2009_2011_inventory,M1,2011.0,134,10000.0,design_1ha,False,154.00155654330385,-54.958870444819766,-2.8492789509258376,32721,GWDD,True,False,True
TAP,TAP_A01_2009_2011_inventory,M2,2009.0,153,10000.0,design_1ha,False,225.60754054810369,-54.960386225772396,-2.8522923384286125,32721,GWDD,True,False,True
TAP,TAP_A01_2009_2011_inventory,M2,2010.0,153,10000.0,design_1ha,False,220.81206558595213,-54.960386225772396,-2.8522923384286125,32721,GWDD,True,False,True
TAP,TAP_A01_2009_2011_inventory,M2,2011.0,147,10000.0,design_1ha,False,222.33019872970152,-54.960386225772396,-2.8522923384286125,32721,GWDD,True,False,True
TAP,TAP_A01_2009_2011_inventory,M3,2009.0,155,10000.0,design_1ha,False,267.7962607995311,-54.956035485478964,-2.8593052482973667,32721,GWDD,True,False,True
TAP,TAP_A01_2009_2011_inventory,M3,2010.0,160,10000.0,design_1ha,False,251.8945280220248,-54.956035485478964,-2.8593052482973667,32721,GWDD,True,False,True
TAP,TAP_A01_2009_2011_inventory,M3,2011.0,157,10000.0,design_1ha,False,255.09259820971099,-54.956035485478964,-2.8593052482973667,32721,GWDD,True,False,True
TAP,TAP_A01_2009_2011_inventory,M4,2009.0,159,10000.0,design_1ha,False,139.57869136322478,-54.94896957479462,-2.8596722554452185,32721,GWDD,True,False,True
TAP,TAP_A01_2009_2011_inventory,M4,2010.0,160,10000.0,design_1ha,False,145.8363550453767,-54.94896957479462,-2.8596722554452185,32721,GWDD,True,False,True
TAP,TAP_A01_2009_2011_inventory,M4,2011.0,156,10000.0,design_1ha,False,148.67203011282365,-54.94896957479462,-2.8596722554452185,32721,GWDD,True,False,True
TAP,TAP_A01_2009_2011_inventory,M5,2009.0,150,10000.0,design_1ha,False,213.55502691781155,-54.95108537821922,-2.856638303732828,32721,GWDD,True,False,True
TAP,TAP_A01_2009_2011_inventory,M5,2010.0,158,10000.0,design_1ha,False,207.45844081409786,-54.95108537821922,-2.856638303732828,32721,GWDD,True,False,True
TAP,TAP_A01_2009_2011_inventory,M5,2011.0,151,10000.0,design_1ha,False,199.60784359817814,-54.95108537821922,-2.856638303732828,32721,GWDD,True,False,True
TAP,TAP_A01_2009_2011_inventory,M6,2009.0,173,10000.0,design_1ha,False,243.15250053893666,-54.952352787653666,-2.8508584841322246,32721,GWDD,True,False,True
TAP,TAP_A01_2009_2011_inventory,M6,2010.0,172,10000.0,design_1ha,False,232.8428300985862,-54.952352787653666,-2.8508584841322246,32721,GWDD,True,False,True
TAP,TAP_A01_2009_2011_inventory,M6,2011.0,168,10000.0,design_1ha,False,241.53801094911313,-54.952352787653666,-2.8508584841322246,32721,GWDD,True,False,True
TAP,TAP_A04_2010_2011_inventory,T01,2010.0,152,10000.0,design_1ha,False,212.58562196210522,-54.96691169450962,-3.0118922872950633,32721,in-file WSD,True,False,True
TAP,TAP_A04_2010_2011_inventory,T01,2011.0,151,10000.0,design_1ha,False,219.4416873975763,-54.96691169450962,-3.0118922872950633,32721,in-file WSD,True,False,True
TAP,TAP_A04_2010_2011_inventory,T02,2010.0,137,10000.0,design_1ha,False,220.87557154117368,-54.9613520401537,-3.0171669572391684,32721,in-file WSD,True,False,True
TAP,TAP_A04_2010_2011_inventory,T02,2011.0,132,10000.0,design_1ha,False,210.0238807201157,-54.9613520401537,-3.0171669572391684,32721,in-file WSD,True,False,True
TAP,TAP_A04_2010_2011_inventory,T03,2010.0,153,10000.0,design_1ha,False,242.59496484666835,-54.95870594212756,-3.0189289411776015,32721,in-file WSD,True,False,True
TAP,TAP_A04_2010_2011_inventory,T03,2011.0,150,10000.0,design_1ha,False,257.3023314264511,-54.95870594212756,-3.0189289411776015,32721,in-file WSD,True,False,True
TAP,TAP_A04_2010_2011_inventory,T04,2010.0,155,10000.0,design_1ha,False,175.98776596291532,-54.96262640148824,-3.0233942534508125,32721,in-file WSD,True,False,True
TAP,TAP_A04_2010_2011_inventory,T04,2011.0,149,10000.0,design_1ha,False,176.0904237356815,-54.96262640148824,-3.0233942534508125,32721,in-file WSD,True,False,True
TAP,TAP_A05_2010_2011_inventory,T05,2010.0,154,10000.0,design_1ha,False,178.34365880101262,-54.95424020135584,-3.0334619961879183,32721,in-file WSD,True,False,True
TAP,TAP_A05_2010_2011_inventory,T05,2011.0,152,10000.0,design_1ha,False,154.58976293546874,-54.95424020135584,-3.0334619961879183,32721,in-file WSD,True,False,True
TAP,TAP_A05_2010_2011_inventory,T06,2010.0,120,10000.0,design_1ha,False,68.27372046482763,-54.96176406669817,-3.034929335810297,32721,in-file WSD,True,False,True
TAP,TAP_A05_2010_2011_inventory,T06,2011.0,117,10000.0,design_1ha,False,72.6614776844931,-54.96176406669817,-3.034929335810297,32721,in-file WSD,True,False,True
